combination_id,product_name,Size,Material,Printed Side,Quantity,Printing Time,price,total_price,unit_price,qty_pieces,turnaround_days,Size_id,Material_id,Printed Side_id,Quantity_id,Printing Time_id,timestamp,notes
1,Business Card Magnets,"1.75"" x 3.5"" (Slim)",17 pt. Magnet High Gloss (UV),Front Only,25,6 Business Days,$20.00,$20.00,0.00000,0,0,66314,2488,1769,1772,1909,2025-09-01T17:45:43.881953,Extracted using real API endpoints
2,Business Card Magnets,"1.75"" x 3.5"" (Slim)",17 pt. Magnet High Gloss (UV),Front Only,25,4 Business Days,$20.00,$20.00,0.00000,0,0,66314,2488,1769,1772,1792,2025-09-01T17:45:44.501848,Extracted using real API endpoints
3,Business Card Magnets,"1.75"" x 3.5"" (Slim)",17 pt. Magnet High Gloss (UV),Front Only,50,6 Business Days,$20.00,$20.00,0.00000,0,0,66314,2488,1769,1773,1909,2025-09-01T17:45:45.118213,Extracted using real API endpoints
4,Business Card Magnets,"1.75"" x 3.5"" (Slim)",17 pt. Magnet High Gloss (UV),Front Only,50,4 Business Days,$20.00,$20.00,0.00000,0,0,66314,2488,1769,1773,1792,2025-09-01T17:45:45.452957,Extracted using real API endpoints
5,Business Card Magnets,"1.75"" x 3.5"" (Slim)",17 pt. Magnet High Gloss (UV),Front Only,75,6 Business Days,$20.00,$20.00,0.00000,0,0,66314,2488,1769,18464,1909,2025-09-01T17:45:46.078020,Extracted using real API endpoints
6,Business Card Magnets,"1.75"" x 3.5"" (Slim)",17 pt. Magnet High Gloss (UV),Front Only,75,4 Business Days,$20.00,$20.00,0.00000,0,0,66314,2488,1769,18464,1792,2025-09-01T17:45:46.686161,Extracted using real API endpoints
7,Business Card Magnets,"1.75"" x 3.5"" (Slim)",17 pt. Magnet High Gloss (UV),Front Only,100,6 Business Days,$20.00,$20.00,0.00000,0,0,66314,2488,1769,1774,1909,2025-09-01T17:45:47.315925,Extracted using real API endpoints
8,Business Card Magnets,"1.75"" x 3.5"" (Slim)",17 pt. Magnet High Gloss (UV),Front Only,100,4 Business Days,$20.00,$20.00,0.00000,0,0,66314,2488,1769,1774,1792,2025-09-01T17:45:47.942186,Extracted using real API endpoints
9,Business Card Magnets,"1.75"" x 3.5"" (Slim)",17 pt. Magnet High Gloss (UV),Front Only,150,6 Business Days,$20.00,$20.00,0.00000,0,0,66314,2488,1769,1945,1909,2025-09-01T17:45:48.279911,Extracted using real API endpoints
10,Business Card Magnets,"1.75"" x 3.5"" (Slim)",17 pt. Magnet High Gloss (UV),Front Only,150,4 Business Days,$20.00,$20.00,0.00000,0,0,66314,2488,1769,1945,1792,2025-09-01T17:45:48.602188,Extracted using real API endpoints
11,Business Card Magnets,"1.75"" x 3.5"" (Slim)",17 pt. Magnet High Gloss (UV),Front Only,200,6 Business Days,$20.00,$20.00,0.00000,0,0,66314,2488,1769,1946,1909,2025-09-01T17:45:48.932858,Extracted using real API endpoints
12,Business Card Magnets,"1.75"" x 3.5"" (Slim)",17 pt. Magnet High Gloss (UV),Front Only,200,4 Business Days,$20.00,$20.00,0.00000,0,0,66314,2488,1769,1946,1792,2025-09-01T17:45:49.264916,Extracted using real API endpoints
13,Business Card Magnets,"1.75"" x 3.5"" (Slim)",17 pt. Magnet High Gloss (UV),Front Only,250,6 Business Days,$20.00,$20.00,0.00000,0,0,66314,2488,1769,1776,1909,2025-09-01T17:45:49.602692,Extracted using real API endpoints
14,Business Card Magnets,"1.75"" x 3.5"" (Slim)",17 pt. Magnet High Gloss (UV),Front Only,250,4 Business Days,$20.00,$20.00,0.00000,0,0,66314,2488,1769,1776,1792,2025-09-01T17:45:50.232971,Extracted using real API endpoints
15,Business Card Magnets,"1.75"" x 3.5"" (Slim)",17 pt. Magnet High Gloss (UV),Front Only,500,6 Business Days,$20.00,$20.00,0.00000,0,0,66314,2488,1769,1777,1909,2025-09-01T17:45:50.566734,Extracted using real API endpoints
16,Business Card Magnets,"1.75"" x 3.5"" (Slim)",17 pt. Magnet High Gloss (UV),Front Only,500,4 Business Days,$20.00,$20.00,0.00000,0,0,66314,2488,1769,1777,1792,2025-09-01T17:45:51.211769,Extracted using real API endpoints
17,Business Card Magnets,"1.75"" x 3.5"" (Slim)",17 pt. Magnet High Gloss (UV),Front Only,"1,000",6 Business Days,$20.00,$20.00,0.00000,0,0,66314,2488,1769,1778,1909,2025-09-01T17:45:51.552521,Extracted using real API endpoints
18,Business Card Magnets,"1.75"" x 3.5"" (Slim)",17 pt. Magnet High Gloss (UV),Front Only,"1,000",4 Business Days,$20.00,$20.00,0.00000,0,0,66314,2488,1769,1778,1792,2025-09-01T17:45:52.178969,Extracted using real API endpoints
19,Business Card Magnets,"1.75"" x 3.5"" (Slim)",17 pt. Magnet High Gloss (UV),Front Only,"1,500",6 Business Days,$20.00,$20.00,0.00000,0,0,66314,2488,1769,1779,1909,2025-09-01T17:45:52.800346,Extracted using real API endpoints
20,Business Card Magnets,"1.75"" x 3.5"" (Slim)",17 pt. Magnet High Gloss (UV),Front Only,"1,500",4 Business Days,$20.00,$20.00,0.00000,0,0,66314,2488,1769,1779,1792,2025-09-01T17:45:53.145189,Extracted using real API endpoints
21,Business Card Magnets,"1.75"" x 3.5"" (Slim)",17 pt. Magnet High Gloss (UV),Front Only,"2,000",6 Business Days,$20.00,$20.00,0.00000,0,0,66314,2488,1769,1780,1909,2025-09-01T17:45:53.482288,Extracted using real API endpoints
22,Business Card Magnets,"1.75"" x 3.5"" (Slim)",17 pt. Magnet High Gloss (UV),Front Only,"2,000",4 Business Days,$20.00,$20.00,0.00000,0,0,66314,2488,1769,1780,1792,2025-09-01T17:45:54.093788,Extracted using real API endpoints
23,Business Card Magnets,"1.75"" x 3.5"" (Slim)",17 pt. Magnet High Gloss (UV),Front Only,"2,500",6 Business Days,$20.00,$20.00,0.00000,0,0,66314,2488,1769,1781,1909,2025-09-01T17:45:54.737160,Extracted using real API endpoints
24,Business Card Magnets,"1.75"" x 3.5"" (Slim)",17 pt. Magnet High Gloss (UV),Front Only,"2,500",4 Business Days,$20.00,$20.00,0.00000,0,0,66314,2488,1769,1781,1792,2025-09-01T17:45:55.358990,Extracted using real API endpoints
25,Business Card Magnets,"1.75"" x 3.5"" (Slim)",17 pt. Magnet High Gloss (UV),Front Only,"3,000",6 Business Days,$20.00,$20.00,0.00000,0,0,66314,2488,1769,1782,1909,2025-09-01T17:45:55.696608,Extracted using real API endpoints
26,Business Card Magnets,"1.75"" x 3.5"" (Slim)",17 pt. Magnet High Gloss (UV),Front Only,"3,000",4 Business Days,$20.00,$20.00,0.00000,0,0,66314,2488,1769,1782,1792,2025-09-01T17:45:56.039697,Extracted using real API endpoints
27,Business Card Magnets,"1.75"" x 3.5"" (Slim)",17 pt. Magnet High Gloss (UV),Front Only,"4,000",6 Business Days,$20.00,$20.00,0.00000,0,0,66314,2488,1769,1784,1909,2025-09-01T17:45:56.373025,Extracted using real API endpoints
28,Business Card Magnets,"1.75"" x 3.5"" (Slim)",17 pt. Magnet High Gloss (UV),Front Only,"4,000",4 Business Days,$20.00,$20.00,0.00000,0,0,66314,2488,1769,1784,1792,2025-09-01T17:45:56.707736,Extracted using real API endpoints
29,Business Card Magnets,"1.75"" x 3.5"" (Slim)",17 pt. Magnet High Gloss (UV),Front Only,"5,000",6 Business Days,$20.00,$20.00,0.00000,0,0,66314,2488,1769,1786,1909,2025-09-01T17:45:57.333922,Extracted using real API endpoints
30,Business Card Magnets,"1.75"" x 3.5"" (Slim)",17 pt. Magnet High Gloss (UV),Front Only,"5,000",4 Business Days,$20.00,$20.00,0.00000,0,0,66314,2488,1769,1786,1792,2025-09-01T17:45:57.991597,Extracted using real API endpoints
31,Business Card Magnets,"2"" x 2"" (Mini Square)",17 pt. Magnet High Gloss (UV),Front Only,25,6 Business Days,$20.00,$20.00,0.00000,0,0,66315,2488,1769,1772,1909,2025-09-01T17:45:58.317852,Extracted using real API endpoints
32,Business Card Magnets,"2"" x 2"" (Mini Square)",17 pt. Magnet High Gloss (UV),Front Only,25,4 Business Days,$20.00,$20.00,0.00000,0,0,66315,2488,1769,1772,1792,2025-09-01T17:45:59.534370,Extracted using real API endpoints
33,Business Card Magnets,"2"" x 2"" (Mini Square)",17 pt. Magnet High Gloss (UV),Front Only,50,6 Business Days,$20.00,$20.00,0.00000,0,0,66315,2488,1769,1773,1909,2025-09-01T17:45:59.860116,Extracted using real API endpoints
34,Business Card Magnets,"2"" x 2"" (Mini Square)",17 pt. Magnet High Gloss (UV),Front Only,50,4 Business Days,$20.00,$20.00,0.00000,0,0,66315,2488,1769,1773,1792,2025-09-01T17:46:00.215249,Extracted using real API endpoints
35,Business Card Magnets,"2"" x 2"" (Mini Square)",17 pt. Magnet High Gloss (UV),Front Only,75,6 Business Days,$20.00,$20.00,0.00000,0,0,66315,2488,1769,18464,1909,2025-09-01T17:46:00.550016,Extracted using real API endpoints
36,Business Card Magnets,"2"" x 2"" (Mini Square)",17 pt. Magnet High Gloss (UV),Front Only,75,4 Business Days,$20.00,$20.00,0.00000,0,0,66315,2488,1769,18464,1792,2025-09-01T17:46:00.896730,Extracted using real API endpoints
37,Business Card Magnets,"2"" x 2"" (Mini Square)",17 pt. Magnet High Gloss (UV),Front Only,100,6 Business Days,$20.00,$20.00,0.00000,0,0,66315,2488,1769,1774,1909,2025-09-01T17:46:01.238894,Extracted using real API endpoints
38,Business Card Magnets,"2"" x 2"" (Mini Square)",17 pt. Magnet High Gloss (UV),Front Only,100,4 Business Days,$20.00,$20.00,0.00000,0,0,66315,2488,1769,1774,1792,2025-09-01T17:46:01.574481,Extracted using real API endpoints
39,Business Card Magnets,"2"" x 2"" (Mini Square)",17 pt. Magnet High Gloss (UV),Front Only,150,6 Business Days,$20.00,$20.00,0.00000,0,0,66315,2488,1769,1945,1909,2025-09-01T17:46:02.348562,Extracted using real API endpoints
40,Business Card Magnets,"2"" x 2"" (Mini Square)",17 pt. Magnet High Gloss (UV),Front Only,150,4 Business Days,$20.00,$20.00,0.00000,0,0,66315,2488,1769,1945,1792,2025-09-01T17:46:02.684720,Extracted using real API endpoints
41,Business Card Magnets,"2"" x 2"" (Mini Square)",17 pt. Magnet High Gloss (UV),Front Only,200,6 Business Days,$20.00,$20.00,0.00000,0,0,66315,2488,1769,1946,1909,2025-09-01T17:46:03.017560,Extracted using real API endpoints
42,Business Card Magnets,"2"" x 2"" (Mini Square)",17 pt. Magnet High Gloss (UV),Front Only,200,4 Business Days,$20.00,$20.00,0.00000,0,0,66315,2488,1769,1946,1792,2025-09-01T17:46:03.650994,Extracted using real API endpoints
43,Business Card Magnets,"2"" x 2"" (Mini Square)",17 pt. Magnet High Gloss (UV),Front Only,250,6 Business Days,$20.00,$20.00,0.00000,0,0,66315,2488,1769,1776,1909,2025-09-01T17:46:03.988705,Extracted using real API endpoints
44,Business Card Magnets,"2"" x 2"" (Mini Square)",17 pt. Magnet High Gloss (UV),Front Only,250,4 Business Days,$20.00,$20.00,0.00000,0,0,66315,2488,1769,1776,1792,2025-09-01T17:46:04.324907,Extracted using real API endpoints
45,Business Card Magnets,"2"" x 2"" (Mini Square)",17 pt. Magnet High Gloss (UV),Front Only,500,6 Business Days,$20.00,$20.00,0.00000,0,0,66315,2488,1769,1777,1909,2025-09-01T17:46:04.667149,Extracted using real API endpoints
46,Business Card Magnets,"2"" x 2"" (Mini Square)",17 pt. Magnet High Gloss (UV),Front Only,500,4 Business Days,$20.00,$20.00,0.00000,0,0,66315,2488,1769,1777,1792,2025-09-01T17:46:05.009075,Extracted using real API endpoints
47,Business Card Magnets,"2"" x 2"" (Mini Square)",17 pt. Magnet High Gloss (UV),Front Only,"1,000",6 Business Days,$20.00,$20.00,0.00000,0,0,66315,2488,1769,1778,1909,2025-09-01T17:46:05.339398,Extracted using real API endpoints
48,Business Card Magnets,"2"" x 2"" (Mini Square)",17 pt. Magnet High Gloss (UV),Front Only,"1,000",4 Business Days,$20.00,$20.00,0.00000,0,0,66315,2488,1769,1778,1792,2025-09-01T17:46:05.669421,Extracted using real API endpoints
49,Business Card Magnets,"2"" x 2"" (Mini Square)",17 pt. Magnet High Gloss (UV),Front Only,"1,500",6 Business Days,$20.00,$20.00,0.00000,0,0,66315,2488,1769,1779,1909,2025-09-01T17:46:05.999198,Extracted using real API endpoints
50,Business Card Magnets,"2"" x 2"" (Mini Square)",17 pt. Magnet High Gloss (UV),Front Only,"1,500",4 Business Days,$20.00,$20.00,0.00000,0,0,66315,2488,1769,1779,1792,2025-09-01T17:46:06.770556,Extracted using real API endpoints
51,Business Card Magnets,"2"" x 2"" (Mini Square)",17 pt. Magnet High Gloss (UV),Front Only,"2,000",6 Business Days,$20.00,$20.00,0.00000,0,0,66315,2488,1769,1780,1909,2025-09-01T17:46:07.097970,Extracted using real API endpoints
52,Business Card Magnets,"2"" x 2"" (Mini Square)",17 pt. Magnet High Gloss (UV),Front Only,"2,000",4 Business Days,$20.00,$20.00,0.00000,0,0,66315,2488,1769,1780,1792,2025-09-01T17:46:07.428910,Extracted using real API endpoints
53,Business Card Magnets,"2"" x 2"" (Mini Square)",17 pt. Magnet High Gloss (UV),Front Only,"2,500",6 Business Days,$20.00,$20.00,0.00000,0,0,66315,2488,1769,1781,1909,2025-09-01T17:46:07.758865,Extracted using real API endpoints
54,Business Card Magnets,"2"" x 2"" (Mini Square)",17 pt. Magnet High Gloss (UV),Front Only,"2,500",4 Business Days,$20.00,$20.00,0.00000,0,0,66315,2488,1769,1781,1792,2025-09-01T17:46:08.093715,Extracted using real API endpoints
55,Business Card Magnets,"2"" x 2"" (Mini Square)",17 pt. Magnet High Gloss (UV),Front Only,"3,000",6 Business Days,$20.00,$20.00,0.00000,0,0,66315,2488,1769,1782,1909,2025-09-01T17:46:08.421695,Extracted using real API endpoints
56,Business Card Magnets,"2"" x 2"" (Mini Square)",17 pt. Magnet High Gloss (UV),Front Only,"3,000",4 Business Days,$20.00,$20.00,0.00000,0,0,66315,2488,1769,1782,1792,2025-09-01T17:46:09.365314,Extracted using real API endpoints
57,Business Card Magnets,"2"" x 2"" (Mini Square)",17 pt. Magnet High Gloss (UV),Front Only,"4,000",6 Business Days,$20.00,$20.00,0.00000,0,0,66315,2488,1769,1784,1909,2025-09-01T17:46:09.696822,Extracted using real API endpoints
58,Business Card Magnets,"2"" x 2"" (Mini Square)",17 pt. Magnet High Gloss (UV),Front Only,"4,000",4 Business Days,$20.00,$20.00,0.00000,0,0,66315,2488,1769,1784,1792,2025-09-01T17:46:10.023598,Extracted using real API endpoints
59,Business Card Magnets,"2"" x 2"" (Mini Square)",17 pt. Magnet High Gloss (UV),Front Only,"5,000",6 Business Days,$20.00,$20.00,0.00000,0,0,66315,2488,1769,1786,1909,2025-09-01T17:46:10.353344,Extracted using real API endpoints
60,Business Card Magnets,"2"" x 2"" (Mini Square)",17 pt. Magnet High Gloss (UV),Front Only,"5,000",4 Business Days,$20.00,$20.00,0.00000,0,0,66315,2488,1769,1786,1792,2025-09-01T17:46:10.697342,Extracted using real API endpoints
61,Business Card Magnets,"2"" x 3.5” (U.S. Standard)",17 pt. Magnet High Gloss (UV),Front Only,25,6 Business Days,$20.00,$20.00,0.00000,0,0,1910,2488,1769,1772,1909,2025-09-01T17:46:11.032819,Extracted using real API endpoints
62,Business Card Magnets,"2"" x 3.5” (U.S. Standard)",17 pt. Magnet High Gloss (UV),Front Only,25,4 Business Days,$20.00,$20.00,0.00000,0,0,1910,2488,1769,1772,1792,2025-09-01T17:46:11.758481,Extracted using real API endpoints
63,Business Card Magnets,"2"" x 3.5” (U.S. Standard)",17 pt. Magnet High Gloss (UV),Front Only,50,6 Business Days,$20.00,$20.00,0.00000,0,0,1910,2488,1769,1773,1909,2025-09-01T17:46:12.076684,Extracted using real API endpoints
64,Business Card Magnets,"2"" x 3.5” (U.S. Standard)",17 pt. Magnet High Gloss (UV),Front Only,50,4 Business Days,$20.00,$20.00,0.00000,0,0,1910,2488,1769,1773,1792,2025-09-01T17:46:12.403018,Extracted using real API endpoints
65,Business Card Magnets,"2"" x 3.5” (U.S. Standard)",17 pt. Magnet High Gloss (UV),Front Only,75,6 Business Days,$20.00,$20.00,0.00000,0,0,1910,2488,1769,18464,1909,2025-09-01T17:46:12.731071,Extracted using real API endpoints
66,Business Card Magnets,"2"" x 3.5” (U.S. Standard)",17 pt. Magnet High Gloss (UV),Front Only,75,4 Business Days,$20.00,$20.00,0.00000,0,0,1910,2488,1769,18464,1792,2025-09-01T17:46:13.063365,Extracted using real API endpoints
67,Business Card Magnets,"2"" x 3.5” (U.S. Standard)",17 pt. Magnet High Gloss (UV),Front Only,100,6 Business Days,$20.00,$20.00,0.00000,0,0,1910,2488,1769,1774,1909,2025-09-01T17:46:13.396335,Extracted using real API endpoints
68,Business Card Magnets,"2"" x 3.5” (U.S. Standard)",17 pt. Magnet High Gloss (UV),Front Only,100,4 Business Days,$20.00,$20.00,0.00000,0,0,1910,2488,1769,1774,1792,2025-09-01T17:46:13.725808,Extracted using real API endpoints
69,Business Card Magnets,"2"" x 3.5” (U.S. Standard)",17 pt. Magnet High Gloss (UV),Front Only,150,6 Business Days,$20.00,$20.00,0.00000,0,0,1910,2488,1769,1945,1909,2025-09-01T17:46:14.063552,Extracted using real API endpoints
70,Business Card Magnets,"2"" x 3.5” (U.S. Standard)",17 pt. Magnet High Gloss (UV),Front Only,150,4 Business Days,$20.00,$20.00,0.00000,0,0,1910,2488,1769,1945,1792,2025-09-01T17:46:14.387450,Extracted using real API endpoints
71,Business Card Magnets,"2"" x 3.5” (U.S. Standard)",17 pt. Magnet High Gloss (UV),Front Only,200,6 Business Days,$20.00,$20.00,0.00000,0,0,1910,2488,1769,1946,1909,2025-09-01T17:46:14.719977,Extracted using real API endpoints
72,Business Card Magnets,"2"" x 3.5” (U.S. Standard)",17 pt. Magnet High Gloss (UV),Front Only,200,4 Business Days,$20.00,$20.00,0.00000,0,0,1910,2488,1769,1946,1792,2025-09-01T17:46:15.047531,Extracted using real API endpoints
73,Business Card Magnets,"2"" x 3.5” (U.S. Standard)",17 pt. Magnet High Gloss (UV),Front Only,250,6 Business Days,$20.00,$20.00,0.00000,0,0,1910,2488,1769,1776,1909,2025-09-01T17:46:15.377218,Extracted using real API endpoints
74,Business Card Magnets,"2"" x 3.5” (U.S. Standard)",17 pt. Magnet High Gloss (UV),Front Only,250,4 Business Days,$20.00,$20.00,0.00000,0,0,1910,2488,1769,1776,1792,2025-09-01T17:46:15.746912,Extracted using real API endpoints
75,Business Card Magnets,"2"" x 3.5” (U.S. Standard)",17 pt. Magnet High Gloss (UV),Front Only,500,6 Business Days,$20.00,$20.00,0.00000,0,0,1910,2488,1769,1777,1909,2025-09-01T17:46:16.083021,Extracted using real API endpoints
76,Business Card Magnets,"2"" x 3.5” (U.S. Standard)",17 pt. Magnet High Gloss (UV),Front Only,500,4 Business Days,$20.00,$20.00,0.00000,0,0,1910,2488,1769,1777,1792,2025-09-01T17:46:16.854748,Extracted using real API endpoints
77,Business Card Magnets,"2"" x 3.5” (U.S. Standard)",17 pt. Magnet High Gloss (UV),Front Only,"1,000",6 Business Days,$20.00,$20.00,0.00000,0,0,1910,2488,1769,1778,1909,2025-09-01T17:46:17.179799,Extracted using real API endpoints
78,Business Card Magnets,"2"" x 3.5” (U.S. Standard)",17 pt. Magnet High Gloss (UV),Front Only,"1,000",4 Business Days,$20.00,$20.00,0.00000,0,0,1910,2488,1769,1778,1792,2025-09-01T17:46:17.511855,Extracted using real API endpoints
79,Business Card Magnets,"2"" x 3.5” (U.S. Standard)",17 pt. Magnet High Gloss (UV),Front Only,"1,500",6 Business Days,$20.00,$20.00,0.00000,0,0,1910,2488,1769,1779,1909,2025-09-01T17:46:17.848569,Extracted using real API endpoints
80,Business Card Magnets,"2"" x 3.5” (U.S. Standard)",17 pt. Magnet High Gloss (UV),Front Only,"1,500",4 Business Days,$20.00,$20.00,0.00000,0,0,1910,2488,1769,1779,1792,2025-09-01T17:46:18.185255,Extracted using real API endpoints
81,Business Card Magnets,"2"" x 3.5” (U.S. Standard)",17 pt. Magnet High Gloss (UV),Front Only,"2,000",6 Business Days,$20.00,$20.00,0.00000,0,0,1910,2488,1769,1780,1909,2025-09-01T17:46:18.507474,Extracted using real API endpoints
82,Business Card Magnets,"2"" x 3.5” (U.S. Standard)",17 pt. Magnet High Gloss (UV),Front Only,"2,000",4 Business Days,$20.00,$20.00,0.00000,0,0,1910,2488,1769,1780,1792,2025-09-01T17:46:18.840836,Extracted using real API endpoints
83,Business Card Magnets,"2"" x 3.5” (U.S. Standard)",17 pt. Magnet High Gloss (UV),Front Only,"2,500",6 Business Days,$20.00,$20.00,0.00000,0,0,1910,2488,1769,1781,1909,2025-09-01T17:46:19.466884,Extracted using real API endpoints
84,Business Card Magnets,"2"" x 3.5” (U.S. Standard)",17 pt. Magnet High Gloss (UV),Front Only,"2,500",4 Business Days,$20.00,$20.00,0.00000,0,0,1910,2488,1769,1781,1792,2025-09-01T17:46:20.131949,Extracted using real API endpoints
85,Business Card Magnets,"2"" x 3.5” (U.S. Standard)",17 pt. Magnet High Gloss (UV),Front Only,"3,000",6 Business Days,$20.00,$20.00,0.00000,0,0,1910,2488,1769,1782,1909,2025-09-01T17:46:20.459707,Extracted using real API endpoints
86,Business Card Magnets,"2"" x 3.5” (U.S. Standard)",17 pt. Magnet High Gloss (UV),Front Only,"3,000",4 Business Days,$20.00,$20.00,0.00000,0,0,1910,2488,1769,1782,1792,2025-09-01T17:46:21.016130,Extracted using real API endpoints
87,Business Card Magnets,"2"" x 3.5” (U.S. Standard)",17 pt. Magnet High Gloss (UV),Front Only,"4,000",6 Business Days,$20.00,$20.00,0.00000,0,0,1910,2488,1769,1784,1909,2025-09-01T17:46:21.338481,Extracted using real API endpoints
88,Business Card Magnets,"2"" x 3.5” (U.S. Standard)",17 pt. Magnet High Gloss (UV),Front Only,"4,000",4 Business Days,$20.00,$20.00,0.00000,0,0,1910,2488,1769,1784,1792,2025-09-01T17:46:21.684632,Extracted using real API endpoints
89,Business Card Magnets,"2"" x 3.5” (U.S. Standard)",17 pt. Magnet High Gloss (UV),Front Only,"5,000",6 Business Days,$20.00,$20.00,0.00000,0,0,1910,2488,1769,1786,1909,2025-09-01T17:46:22.014359,Extracted using real API endpoints
90,Business Card Magnets,"2"" x 3.5” (U.S. Standard)",17 pt. Magnet High Gloss (UV),Front Only,"5,000",4 Business Days,$20.00,$20.00,0.00000,0,0,1910,2488,1769,1786,1792,2025-09-01T17:46:22.337770,Extracted using real API endpoints
91,Business Card Magnets,"2.5"" x 2.5"" (Square)",17 pt. Magnet High Gloss (UV),Front Only,25,6 Business Days,$20.00,$20.00,0.00000,0,0,66316,2488,1769,1772,1909,2025-09-01T17:46:22.664803,Extracted using real API endpoints
92,Business Card Magnets,"2.5"" x 2.5"" (Square)",17 pt. Magnet High Gloss (UV),Front Only,25,4 Business Days,$20.00,$20.00,0.00000,0,0,66316,2488,1769,1772,1792,2025-09-01T17:46:22.999697,Extracted using real API endpoints
93,Business Card Magnets,"2.5"" x 2.5"" (Square)",17 pt. Magnet High Gloss (UV),Front Only,50,6 Business Days,$20.00,$20.00,0.00000,0,0,66316,2488,1769,1773,1909,2025-09-01T17:46:23.320437,Extracted using real API endpoints
94,Business Card Magnets,"2.5"" x 2.5"" (Square)",17 pt. Magnet High Gloss (UV),Front Only,50,4 Business Days,$20.00,$20.00,0.00000,0,0,66316,2488,1769,1773,1792,2025-09-01T17:46:23.645799,Extracted using real API endpoints
95,Business Card Magnets,"2.5"" x 2.5"" (Square)",17 pt. Magnet High Gloss (UV),Front Only,75,6 Business Days,$20.00,$20.00,0.00000,0,0,66316,2488,1769,18464,1909,2025-09-01T17:46:23.980797,Extracted using real API endpoints
96,Business Card Magnets,"2.5"" x 2.5"" (Square)",17 pt. Magnet High Gloss (UV),Front Only,75,4 Business Days,$20.00,$20.00,0.00000,0,0,66316,2488,1769,18464,1792,2025-09-01T17:46:24.309726,Extracted using real API endpoints
97,Business Card Magnets,"2.5"" x 2.5"" (Square)",17 pt. Magnet High Gloss (UV),Front Only,100,6 Business Days,$20.00,$20.00,0.00000,0,0,66316,2488,1769,1774,1909,2025-09-01T17:46:24.656262,Extracted using real API endpoints
98,Business Card Magnets,"2.5"" x 2.5"" (Square)",17 pt. Magnet High Gloss (UV),Front Only,100,4 Business Days,$20.00,$20.00,0.00000,0,0,66316,2488,1769,1774,1792,2025-09-01T17:46:24.993515,Extracted using real API endpoints
99,Business Card Magnets,"2.5"" x 2.5"" (Square)",17 pt. Magnet High Gloss (UV),Front Only,150,6 Business Days,$20.00,$20.00,0.00000,0,0,66316,2488,1769,1945,1909,2025-09-01T17:46:25.327440,Extracted using real API endpoints
100,Business Card Magnets,"2.5"" x 2.5"" (Square)",17 pt. Magnet High Gloss (UV),Front Only,150,4 Business Days,$20.00,$20.00,0.00000,0,0,66316,2488,1769,1945,1792,2025-09-01T17:46:25.663776,Extracted using real API endpoints
101,Business Card Magnets,"2.5"" x 2.5"" (Square)",17 pt. Magnet High Gloss (UV),Front Only,200,6 Business Days,$20.00,$20.00,0.00000,0,0,66316,2488,1769,1946,1909,2025-09-01T17:46:26.429458,Extracted using real API endpoints
102,Business Card Magnets,"2.5"" x 2.5"" (Square)",17 pt. Magnet High Gloss (UV),Front Only,200,4 Business Days,$20.00,$20.00,0.00000,0,0,66316,2488,1769,1946,1792,2025-09-01T17:46:27.521565,Extracted using real API endpoints
103,Business Card Magnets,"2.5"" x 2.5"" (Square)",17 pt. Magnet High Gloss (UV),Front Only,250,6 Business Days,$20.00,$20.00,0.00000,0,0,66316,2488,1769,1776,1909,2025-09-01T17:46:27.846560,Extracted using real API endpoints
104,Business Card Magnets,"2.5"" x 2.5"" (Square)",17 pt. Magnet High Gloss (UV),Front Only,250,4 Business Days,$20.00,$20.00,0.00000,0,0,66316,2488,1769,1776,1792,2025-09-01T17:46:28.176502,Extracted using real API endpoints
105,Business Card Magnets,"2.5"" x 2.5"" (Square)",17 pt. Magnet High Gloss (UV),Front Only,500,6 Business Days,$20.00,$20.00,0.00000,0,0,66316,2488,1769,1777,1909,2025-09-01T17:46:28.506538,Extracted using real API endpoints
106,Business Card Magnets,"2.5"" x 2.5"" (Square)",17 pt. Magnet High Gloss (UV),Front Only,500,4 Business Days,$20.00,$20.00,0.00000,0,0,66316,2488,1769,1777,1792,2025-09-01T17:46:28.833708,Extracted using real API endpoints
107,Business Card Magnets,"2.5"" x 2.5"" (Square)",17 pt. Magnet High Gloss (UV),Front Only,"1,000",6 Business Days,$20.00,$20.00,0.00000,0,0,66316,2488,1769,1778,1909,2025-09-01T17:46:29.172668,Extracted using real API endpoints
108,Business Card Magnets,"2.5"" x 2.5"" (Square)",17 pt. Magnet High Gloss (UV),Front Only,"1,000",4 Business Days,$20.00,$20.00,0.00000,0,0,66316,2488,1769,1778,1792,2025-09-01T17:46:29.508606,Extracted using real API endpoints
109,Business Card Magnets,"2.5"" x 2.5"" (Square)",17 pt. Magnet High Gloss (UV),Front Only,"1,500",6 Business Days,$20.00,$20.00,0.00000,0,0,66316,2488,1769,1779,1909,2025-09-01T17:46:29.842755,Extracted using real API endpoints
110,Business Card Magnets,"2.5"" x 2.5"" (Square)",17 pt. Magnet High Gloss (UV),Front Only,"1,500",4 Business Days,$20.00,$20.00,0.00000,0,0,66316,2488,1769,1779,1792,2025-09-01T17:46:30.211566,Extracted using real API endpoints
111,Business Card Magnets,"2.5"" x 2.5"" (Square)",17 pt. Magnet High Gloss (UV),Front Only,"2,000",6 Business Days,$20.00,$20.00,0.00000,0,0,66316,2488,1769,1780,1909,2025-09-01T17:46:30.544490,Extracted using real API endpoints
112,Business Card Magnets,"2.5"" x 2.5"" (Square)",17 pt. Magnet High Gloss (UV),Front Only,"2,000",4 Business Days,$20.00,$20.00,0.00000,0,0,66316,2488,1769,1780,1792,2025-09-01T17:46:30.874183,Extracted using real API endpoints
113,Business Card Magnets,"2.5"" x 2.5"" (Square)",17 pt. Magnet High Gloss (UV),Front Only,"2,500",6 Business Days,$20.00,$20.00,0.00000,0,0,66316,2488,1769,1781,1909,2025-09-01T17:46:31.200770,Extracted using real API endpoints
114,Business Card Magnets,"2.5"" x 2.5"" (Square)",17 pt. Magnet High Gloss (UV),Front Only,"2,500",4 Business Days,$20.00,$20.00,0.00000,0,0,66316,2488,1769,1781,1792,2025-09-01T17:46:31.527548,Extracted using real API endpoints
115,Business Card Magnets,"2.5"" x 2.5"" (Square)",17 pt. Magnet High Gloss (UV),Front Only,"3,000",6 Business Days,$20.00,$20.00,0.00000,0,0,66316,2488,1769,1782,1909,2025-09-01T17:46:31.866965,Extracted using real API endpoints
116,Business Card Magnets,"2.5"" x 2.5"" (Square)",17 pt. Magnet High Gloss (UV),Front Only,"3,000",4 Business Days,$20.00,$20.00,0.00000,0,0,66316,2488,1769,1782,1792,2025-09-01T17:46:32.204015,Extracted using real API endpoints
117,Business Card Magnets,"2.5"" x 2.5"" (Square)",17 pt. Magnet High Gloss (UV),Front Only,"4,000",6 Business Days,$20.00,$20.00,0.00000,0,0,66316,2488,1769,1784,1909,2025-09-01T17:46:32.529646,Extracted using real API endpoints
118,Business Card Magnets,"2.5"" x 2.5"" (Square)",17 pt. Magnet High Gloss (UV),Front Only,"4,000",4 Business Days,$20.00,$20.00,0.00000,0,0,66316,2488,1769,1784,1792,2025-09-01T17:46:32.861363,Extracted using real API endpoints
119,Business Card Magnets,"2.5"" x 2.5"" (Square)",17 pt. Magnet High Gloss (UV),Front Only,"5,000",6 Business Days,$20.00,$20.00,0.00000,0,0,66316,2488,1769,1786,1909,2025-09-01T17:46:33.190516,Extracted using real API endpoints
120,Business Card Magnets,"2.5"" x 2.5"" (Square)",17 pt. Magnet High Gloss (UV),Front Only,"5,000",4 Business Days,$20.00,$20.00,0.00000,0,0,66316,2488,1769,1786,1792,2025-09-01T17:46:33.517302,Extracted using real API endpoints
121,Business Card Magnets,"3"" x 3"" (Jumbo Square)",17 pt. Magnet High Gloss (UV),Front Only,25,6 Business Days,$20.00,$20.00,0.00000,0,0,66317,2488,1769,1772,1909,2025-09-01T17:46:33.854280,Extracted using real API endpoints
122,Business Card Magnets,"3"" x 3"" (Jumbo Square)",17 pt. Magnet High Gloss (UV),Front Only,25,4 Business Days,$20.00,$20.00,0.00000,0,0,66317,2488,1769,1772,1792,2025-09-01T17:46:34.181770,Extracted using real API endpoints
123,Business Card Magnets,"3"" x 3"" (Jumbo Square)",17 pt. Magnet High Gloss (UV),Front Only,50,6 Business Days,$20.00,$20.00,0.00000,0,0,66317,2488,1769,1773,1909,2025-09-01T17:46:34.521606,Extracted using real API endpoints
124,Business Card Magnets,"3"" x 3"" (Jumbo Square)",17 pt. Magnet High Gloss (UV),Front Only,50,4 Business Days,$20.00,$20.00,0.00000,0,0,66317,2488,1769,1773,1792,2025-09-01T17:46:34.844449,Extracted using real API endpoints
125,Business Card Magnets,"3"" x 3"" (Jumbo Square)",17 pt. Magnet High Gloss (UV),Front Only,75,6 Business Days,$20.00,$20.00,0.00000,0,0,66317,2488,1769,18464,1909,2025-09-01T17:46:35.171409,Extracted using real API endpoints
126,Business Card Magnets,"3"" x 3"" (Jumbo Square)",17 pt. Magnet High Gloss (UV),Front Only,75,4 Business Days,$20.00,$20.00,0.00000,0,0,66317,2488,1769,18464,1792,2025-09-01T17:46:35.497100,Extracted using real API endpoints
127,Business Card Magnets,"3"" x 3"" (Jumbo Square)",17 pt. Magnet High Gloss (UV),Front Only,100,6 Business Days,$20.00,$20.00,0.00000,0,0,66317,2488,1769,1774,1909,2025-09-01T17:46:35.824316,Extracted using real API endpoints
128,Business Card Magnets,"3"" x 3"" (Jumbo Square)",17 pt. Magnet High Gloss (UV),Front Only,100,4 Business Days,$20.00,$20.00,0.00000,0,0,66317,2488,1769,1774,1792,2025-09-01T17:46:36.148487,Extracted using real API endpoints
129,Business Card Magnets,"3"" x 3"" (Jumbo Square)",17 pt. Magnet High Gloss (UV),Front Only,150,6 Business Days,$20.00,$20.00,0.00000,0,0,66317,2488,1769,1945,1909,2025-09-01T17:46:36.478690,Extracted using real API endpoints
130,Business Card Magnets,"3"" x 3"" (Jumbo Square)",17 pt. Magnet High Gloss (UV),Front Only,150,4 Business Days,$20.00,$20.00,0.00000,0,0,66317,2488,1769,1945,1792,2025-09-01T17:46:36.816512,Extracted using real API endpoints
131,Business Card Magnets,"3"" x 3"" (Jumbo Square)",17 pt. Magnet High Gloss (UV),Front Only,200,6 Business Days,$20.00,$20.00,0.00000,0,0,66317,2488,1769,1946,1909,2025-09-01T17:46:37.150455,Extracted using real API endpoints
132,Business Card Magnets,"3"" x 3"" (Jumbo Square)",17 pt. Magnet High Gloss (UV),Front Only,200,4 Business Days,$20.00,$20.00,0.00000,0,0,66317,2488,1769,1946,1792,2025-09-01T17:46:37.479011,Extracted using real API endpoints
133,Business Card Magnets,"3"" x 3"" (Jumbo Square)",17 pt. Magnet High Gloss (UV),Front Only,250,6 Business Days,$20.00,$20.00,0.00000,0,0,66317,2488,1769,1776,1909,2025-09-01T17:46:37.819308,Extracted using real API endpoints
134,Business Card Magnets,"3"" x 3"" (Jumbo Square)",17 pt. Magnet High Gloss (UV),Front Only,250,4 Business Days,$20.00,$20.00,0.00000,0,0,66317,2488,1769,1776,1792,2025-09-01T17:46:38.154613,Extracted using real API endpoints
135,Business Card Magnets,"3"" x 3"" (Jumbo Square)",17 pt. Magnet High Gloss (UV),Front Only,500,6 Business Days,$20.00,$20.00,0.00000,0,0,66317,2488,1769,1777,1909,2025-09-01T17:46:38.488322,Extracted using real API endpoints
136,Business Card Magnets,"3"" x 3"" (Jumbo Square)",17 pt. Magnet High Gloss (UV),Front Only,500,4 Business Days,$20.00,$20.00,0.00000,0,0,66317,2488,1769,1777,1792,2025-09-01T17:46:38.815297,Extracted using real API endpoints
137,Business Card Magnets,"3"" x 3"" (Jumbo Square)",17 pt. Magnet High Gloss (UV),Front Only,"1,000",6 Business Days,$20.00,$20.00,0.00000,0,0,66317,2488,1769,1778,1909,2025-09-01T17:46:39.149886,Extracted using real API endpoints
138,Business Card Magnets,"3"" x 3"" (Jumbo Square)",17 pt. Magnet High Gloss (UV),Front Only,"1,000",4 Business Days,$20.00,$20.00,0.00000,0,0,66317,2488,1769,1778,1792,2025-09-01T17:46:39.473554,Extracted using real API endpoints
139,Business Card Magnets,"3"" x 3"" (Jumbo Square)",17 pt. Magnet High Gloss (UV),Front Only,"1,500",6 Business Days,$20.00,$20.00,0.00000,0,0,66317,2488,1769,1779,1909,2025-09-01T17:46:39.802762,Extracted using real API endpoints
140,Business Card Magnets,"3"" x 3"" (Jumbo Square)",17 pt. Magnet High Gloss (UV),Front Only,"1,500",4 Business Days,$20.00,$20.00,0.00000,0,0,66317,2488,1769,1779,1792,2025-09-01T17:46:40.136259,Extracted using real API endpoints
141,Business Card Magnets,"3"" x 3"" (Jumbo Square)",17 pt. Magnet High Gloss (UV),Front Only,"2,000",6 Business Days,$20.00,$20.00,0.00000,0,0,66317,2488,1769,1780,1909,2025-09-01T17:46:40.466617,Extracted using real API endpoints
142,Business Card Magnets,"3"" x 3"" (Jumbo Square)",17 pt. Magnet High Gloss (UV),Front Only,"2,000",4 Business Days,$20.00,$20.00,0.00000,0,0,66317,2488,1769,1780,1792,2025-09-01T17:46:41.239231,Extracted using real API endpoints
143,Business Card Magnets,"3"" x 3"" (Jumbo Square)",17 pt. Magnet High Gloss (UV),Front Only,"2,500",6 Business Days,$20.00,$20.00,0.00000,0,0,66317,2488,1769,1781,1909,2025-09-01T17:46:41.574407,Extracted using real API endpoints
144,Business Card Magnets,"3"" x 3"" (Jumbo Square)",17 pt. Magnet High Gloss (UV),Front Only,"2,500",4 Business Days,$20.00,$20.00,0.00000,0,0,66317,2488,1769,1781,1792,2025-09-01T17:46:41.902464,Extracted using real API endpoints
145,Business Card Magnets,"3"" x 3"" (Jumbo Square)",17 pt. Magnet High Gloss (UV),Front Only,"3,000",6 Business Days,$20.00,$20.00,0.00000,0,0,66317,2488,1769,1782,1909,2025-09-01T17:46:42.231607,Extracted using real API endpoints
146,Business Card Magnets,"3"" x 3"" (Jumbo Square)",17 pt. Magnet High Gloss (UV),Front Only,"3,000",4 Business Days,$20.00,$20.00,0.00000,0,0,66317,2488,1769,1782,1792,2025-09-01T17:46:42.559222,Extracted using real API endpoints
147,Business Card Magnets,"3"" x 3"" (Jumbo Square)",17 pt. Magnet High Gloss (UV),Front Only,"4,000",6 Business Days,$20.00,$20.00,0.00000,0,0,66317,2488,1769,1784,1909,2025-09-01T17:46:43.184420,Extracted using real API endpoints
148,Business Card Magnets,"3"" x 3"" (Jumbo Square)",17 pt. Magnet High Gloss (UV),Front Only,"4,000",4 Business Days,$20.00,$20.00,0.00000,0,0,66317,2488,1769,1784,1792,2025-09-01T17:46:43.512447,Extracted using real API endpoints
149,Business Card Magnets,"3"" x 3"" (Jumbo Square)",17 pt. Magnet High Gloss (UV),Front Only,"5,000",6 Business Days,$20.00,$20.00,0.00000,0,0,66317,2488,1769,1786,1909,2025-09-01T17:46:43.838414,Extracted using real API endpoints
150,Business Card Magnets,"3"" x 3"" (Jumbo Square)",17 pt. Magnet High Gloss (UV),Front Only,"5,000",4 Business Days,$20.00,$20.00,0.00000,0,0,66317,2488,1769,1786,1792,2025-09-01T17:46:44.173186,Extracted using real API endpoints
151,Business Card Magnets,"3"" x 4""",17 pt. Magnet High Gloss (UV),Front Only,25,6 Business Days,$20.00,$20.00,0.00000,0,0,1905,2488,1769,1772,1909,2025-09-01T17:46:44.500311,Extracted using real API endpoints
152,Business Card Magnets,"3"" x 4""",17 pt. Magnet High Gloss (UV),Front Only,25,4 Business Days,$20.00,$20.00,0.00000,0,0,1905,2488,1769,1772,1792,2025-09-01T17:46:44.830476,Extracted using real API endpoints
153,Business Card Magnets,"3"" x 4""",17 pt. Magnet High Gloss (UV),Front Only,50,6 Business Days,$20.00,$20.00,0.00000,0,0,1905,2488,1769,1773,1909,2025-09-01T17:46:45.169295,Extracted using real API endpoints
154,Business Card Magnets,"3"" x 4""",17 pt. Magnet High Gloss (UV),Front Only,50,4 Business Days,$20.00,$20.00,0.00000,0,0,1905,2488,1769,1773,1792,2025-09-01T17:46:45.492973,Extracted using real API endpoints
155,Business Card Magnets,"3"" x 4""",17 pt. Magnet High Gloss (UV),Front Only,75,6 Business Days,$20.00,$20.00,0.00000,0,0,1905,2488,1769,18464,1909,2025-09-01T17:46:45.821383,Extracted using real API endpoints
156,Business Card Magnets,"3"" x 4""",17 pt. Magnet High Gloss (UV),Front Only,75,4 Business Days,$20.00,$20.00,0.00000,0,0,1905,2488,1769,18464,1792,2025-09-01T17:46:46.151925,Extracted using real API endpoints
157,Business Card Magnets,"3"" x 4""",17 pt. Magnet High Gloss (UV),Front Only,100,6 Business Days,$20.00,$20.00,0.00000,0,0,1905,2488,1769,1774,1909,2025-09-01T17:46:46.473421,Extracted using real API endpoints
158,Business Card Magnets,"3"" x 4""",17 pt. Magnet High Gloss (UV),Front Only,100,4 Business Days,$20.00,$20.00,0.00000,0,0,1905,2488,1769,1774,1792,2025-09-01T17:46:46.795994,Extracted using real API endpoints
159,Business Card Magnets,"3"" x 4""",17 pt. Magnet High Gloss (UV),Front Only,150,6 Business Days,$20.00,$20.00,0.00000,0,0,1905,2488,1769,1945,1909,2025-09-01T17:46:47.125586,Extracted using real API endpoints
160,Business Card Magnets,"3"" x 4""",17 pt. Magnet High Gloss (UV),Front Only,150,4 Business Days,$20.00,$20.00,0.00000,0,0,1905,2488,1769,1945,1792,2025-09-01T17:46:47.458389,Extracted using real API endpoints
161,Business Card Magnets,"3"" x 4""",17 pt. Magnet High Gloss (UV),Front Only,200,6 Business Days,$20.00,$20.00,0.00000,0,0,1905,2488,1769,1946,1909,2025-09-01T17:46:47.791211,Extracted using real API endpoints
162,Business Card Magnets,"3"" x 4""",17 pt. Magnet High Gloss (UV),Front Only,200,4 Business Days,$20.00,$20.00,0.00000,0,0,1905,2488,1769,1946,1792,2025-09-01T17:46:48.136033,Extracted using real API endpoints
163,Business Card Magnets,"3"" x 4""",17 pt. Magnet High Gloss (UV),Front Only,250,6 Business Days,$20.00,$20.00,0.00000,0,0,1905,2488,1769,1776,1909,2025-09-01T17:46:48.462092,Extracted using real API endpoints
164,Business Card Magnets,"3"" x 4""",17 pt. Magnet High Gloss (UV),Front Only,250,4 Business Days,$20.00,$20.00,0.00000,0,0,1905,2488,1769,1776,1792,2025-09-01T17:46:48.797354,Extracted using real API endpoints
165,Business Card Magnets,"3"" x 4""",17 pt. Magnet High Gloss (UV),Front Only,500,6 Business Days,$20.00,$20.00,0.00000,0,0,1905,2488,1769,1777,1909,2025-09-01T17:46:49.140242,Extracted using real API endpoints
166,Business Card Magnets,"3"" x 4""",17 pt. Magnet High Gloss (UV),Front Only,500,4 Business Days,$20.00,$20.00,0.00000,0,0,1905,2488,1769,1777,1792,2025-09-01T17:46:49.466273,Extracted using real API endpoints
167,Business Card Magnets,"3"" x 4""",17 pt. Magnet High Gloss (UV),Front Only,"1,000",6 Business Days,$20.00,$20.00,0.00000,0,0,1905,2488,1769,1778,1909,2025-09-01T17:46:49.806717,Extracted using real API endpoints
168,Business Card Magnets,"3"" x 4""",17 pt. Magnet High Gloss (UV),Front Only,"1,000",4 Business Days,$20.00,$20.00,0.00000,0,0,1905,2488,1769,1778,1792,2025-09-01T17:46:50.132776,Extracted using real API endpoints
169,Business Card Magnets,"3"" x 4""",17 pt. Magnet High Gloss (UV),Front Only,"1,500",6 Business Days,$20.00,$20.00,0.00000,0,0,1905,2488,1769,1779,1909,2025-09-01T17:46:50.755101,Extracted using real API endpoints
170,Business Card Magnets,"3"" x 4""",17 pt. Magnet High Gloss (UV),Front Only,"1,500",4 Business Days,$20.00,$20.00,0.00000,0,0,1905,2488,1769,1779,1792,2025-09-01T17:46:51.090706,Extracted using real API endpoints
171,Business Card Magnets,"3"" x 4""",17 pt. Magnet High Gloss (UV),Front Only,"2,000",6 Business Days,$20.00,$20.00,0.00000,0,0,1905,2488,1769,1780,1909,2025-09-01T17:46:51.429049,Extracted using real API endpoints
172,Business Card Magnets,"3"" x 4""",17 pt. Magnet High Gloss (UV),Front Only,"2,000",4 Business Days,$20.00,$20.00,0.00000,0,0,1905,2488,1769,1780,1792,2025-09-01T17:46:51.756382,Extracted using real API endpoints
173,Business Card Magnets,"3"" x 4""",17 pt. Magnet High Gloss (UV),Front Only,"2,500",6 Business Days,$20.00,$20.00,0.00000,0,0,1905,2488,1769,1781,1909,2025-09-01T17:46:52.094686,Extracted using real API endpoints
174,Business Card Magnets,"3"" x 4""",17 pt. Magnet High Gloss (UV),Front Only,"2,500",4 Business Days,$20.00,$20.00,0.00000,0,0,1905,2488,1769,1781,1792,2025-09-01T17:46:52.432424,Extracted using real API endpoints
175,Business Card Magnets,"3"" x 4""",17 pt. Magnet High Gloss (UV),Front Only,"3,000",6 Business Days,$20.00,$20.00,0.00000,0,0,1905,2488,1769,1782,1909,2025-09-01T17:46:52.763338,Extracted using real API endpoints
176,Business Card Magnets,"3"" x 4""",17 pt. Magnet High Gloss (UV),Front Only,"3,000",4 Business Days,$20.00,$20.00,0.00000,0,0,1905,2488,1769,1782,1792,2025-09-01T17:46:53.098424,Extracted using real API endpoints
177,Business Card Magnets,"3"" x 4""",17 pt. Magnet High Gloss (UV),Front Only,"4,000",6 Business Days,$20.00,$20.00,0.00000,0,0,1905,2488,1769,1784,1909,2025-09-01T17:46:53.423271,Extracted using real API endpoints
178,Business Card Magnets,"3"" x 4""",17 pt. Magnet High Gloss (UV),Front Only,"4,000",4 Business Days,$20.00,$20.00,0.00000,0,0,1905,2488,1769,1784,1792,2025-09-01T17:46:53.799210,Extracted using real API endpoints
179,Business Card Magnets,"3"" x 4""",17 pt. Magnet High Gloss (UV),Front Only,"5,000",6 Business Days,$20.00,$20.00,0.00000,0,0,1905,2488,1769,1786,1909,2025-09-01T17:46:54.131489,Extracted using real API endpoints
180,Business Card Magnets,"3"" x 4""",17 pt. Magnet High Gloss (UV),Front Only,"5,000",4 Business Days,$20.00,$20.00,0.00000,0,0,1905,2488,1769,1786,1792,2025-09-01T17:46:54.456687,Extracted using real API endpoints
181,Business Card Magnets,"4"" x 6""",17 pt. Magnet High Gloss (UV),Front Only,25,6 Business Days,$20.00,$20.00,0.00000,0,0,1907,2488,1769,1772,1909,2025-09-01T17:46:54.788679,Extracted using real API endpoints
182,Business Card Magnets,"4"" x 6""",17 pt. Magnet High Gloss (UV),Front Only,25,4 Business Days,$20.00,$20.00,0.00000,0,0,1907,2488,1769,1772,1792,2025-09-01T17:46:55.123577,Extracted using real API endpoints
183,Business Card Magnets,"4"" x 6""",17 pt. Magnet High Gloss (UV),Front Only,50,6 Business Days,$20.00,$20.00,0.00000,0,0,1907,2488,1769,1773,1909,2025-09-01T17:46:55.446602,Extracted using real API endpoints
184,Business Card Magnets,"4"" x 6""",17 pt. Magnet High Gloss (UV),Front Only,50,4 Business Days,$20.00,$20.00,0.00000,0,0,1907,2488,1769,1773,1792,2025-09-01T17:46:55.786113,Extracted using real API endpoints
185,Business Card Magnets,"4"" x 6""",17 pt. Magnet High Gloss (UV),Front Only,75,6 Business Days,$20.00,$20.00,0.00000,0,0,1907,2488,1769,18464,1909,2025-09-01T17:46:56.113515,Extracted using real API endpoints
186,Business Card Magnets,"4"" x 6""",17 pt. Magnet High Gloss (UV),Front Only,75,4 Business Days,$20.00,$20.00,0.00000,0,0,1907,2488,1769,18464,1792,2025-09-01T17:46:56.451187,Extracted using real API endpoints
187,Business Card Magnets,"4"" x 6""",17 pt. Magnet High Gloss (UV),Front Only,100,6 Business Days,$20.00,$20.00,0.00000,0,0,1907,2488,1769,1774,1909,2025-09-01T17:46:56.788102,Extracted using real API endpoints
188,Business Card Magnets,"4"" x 6""",17 pt. Magnet High Gloss (UV),Front Only,100,4 Business Days,$20.00,$20.00,0.00000,0,0,1907,2488,1769,1774,1792,2025-09-01T17:46:57.124283,Extracted using real API endpoints
189,Business Card Magnets,"4"" x 6""",17 pt. Magnet High Gloss (UV),Front Only,150,6 Business Days,$20.00,$20.00,0.00000,0,0,1907,2488,1769,1945,1909,2025-09-01T17:46:57.455183,Extracted using real API endpoints
190,Business Card Magnets,"4"" x 6""",17 pt. Magnet High Gloss (UV),Front Only,150,4 Business Days,$20.00,$20.00,0.00000,0,0,1907,2488,1769,1945,1792,2025-09-01T17:46:57.790905,Extracted using real API endpoints
191,Business Card Magnets,"4"" x 6""",17 pt. Magnet High Gloss (UV),Front Only,200,6 Business Days,$20.00,$20.00,0.00000,0,0,1907,2488,1769,1946,1909,2025-09-01T17:46:58.138275,Extracted using real API endpoints
192,Business Card Magnets,"4"" x 6""",17 pt. Magnet High Gloss (UV),Front Only,200,4 Business Days,$20.00,$20.00,0.00000,0,0,1907,2488,1769,1946,1792,2025-09-01T17:46:58.482510,Extracted using real API endpoints
193,Business Card Magnets,"4"" x 6""",17 pt. Magnet High Gloss (UV),Front Only,250,6 Business Days,$20.00,$20.00,0.00000,0,0,1907,2488,1769,1776,1909,2025-09-01T17:46:58.826836,Extracted using real API endpoints
194,Business Card Magnets,"4"" x 6""",17 pt. Magnet High Gloss (UV),Front Only,250,4 Business Days,$20.00,$20.00,0.00000,0,0,1907,2488,1769,1776,1792,2025-09-01T17:46:59.160182,Extracted using real API endpoints
195,Business Card Magnets,"4"" x 6""",17 pt. Magnet High Gloss (UV),Front Only,500,6 Business Days,$20.00,$20.00,0.00000,0,0,1907,2488,1769,1777,1909,2025-09-01T17:46:59.492486,Extracted using real API endpoints
196,Business Card Magnets,"4"" x 6""",17 pt. Magnet High Gloss (UV),Front Only,500,4 Business Days,$20.00,$20.00,0.00000,0,0,1907,2488,1769,1777,1792,2025-09-01T17:46:59.835115,Extracted using real API endpoints
197,Business Card Magnets,"4"" x 6""",17 pt. Magnet High Gloss (UV),Front Only,"1,000",6 Business Days,$20.00,$20.00,0.00000,0,0,1907,2488,1769,1778,1909,2025-09-01T17:47:00.165105,Extracted using real API endpoints
198,Business Card Magnets,"4"" x 6""",17 pt. Magnet High Gloss (UV),Front Only,"1,000",4 Business Days,$20.00,$20.00,0.00000,0,0,1907,2488,1769,1778,1792,2025-09-01T17:47:00.511964,Extracted using real API endpoints
199,Business Card Magnets,"4"" x 6""",17 pt. Magnet High Gloss (UV),Front Only,"1,500",6 Business Days,$20.00,$20.00,0.00000,0,0,1907,2488,1769,1779,1909,2025-09-01T17:47:00.846179,Extracted using real API endpoints
200,Business Card Magnets,"4"" x 6""",17 pt. Magnet High Gloss (UV),Front Only,"1,500",4 Business Days,$20.00,$20.00,0.00000,0,0,1907,2488,1769,1779,1792,2025-09-01T17:47:01.465180,Extracted using real API endpoints
201,Business Card Magnets,"4"" x 6""",17 pt. Magnet High Gloss (UV),Front Only,"2,000",6 Business Days,$20.00,$20.00,0.00000,0,0,1907,2488,1769,1780,1909,2025-09-01T17:47:01.791268,Extracted using real API endpoints
202,Business Card Magnets,"4"" x 6""",17 pt. Magnet High Gloss (UV),Front Only,"2,000",4 Business Days,$20.00,$20.00,0.00000,0,0,1907,2488,1769,1780,1792,2025-09-01T17:47:02.141267,Extracted using real API endpoints
203,Business Card Magnets,"4"" x 6""",17 pt. Magnet High Gloss (UV),Front Only,"2,500",6 Business Days,$20.00,$20.00,0.00000,0,0,1907,2488,1769,1781,1909,2025-09-01T17:47:02.482877,Extracted using real API endpoints
204,Business Card Magnets,"4"" x 6""",17 pt. Magnet High Gloss (UV),Front Only,"2,500",4 Business Days,$20.00,$20.00,0.00000,0,0,1907,2488,1769,1781,1792,2025-09-01T17:47:02.825106,Extracted using real API endpoints
205,Business Card Magnets,"4"" x 6""",17 pt. Magnet High Gloss (UV),Front Only,"3,000",6 Business Days,$20.00,$20.00,0.00000,0,0,1907,2488,1769,1782,1909,2025-09-01T17:47:03.166273,Extracted using real API endpoints
206,Business Card Magnets,"4"" x 6""",17 pt. Magnet High Gloss (UV),Front Only,"3,000",4 Business Days,$20.00,$20.00,0.00000,0,0,1907,2488,1769,1782,1792,2025-09-01T17:47:03.491857,Extracted using real API endpoints
207,Business Card Magnets,"4"" x 6""",17 pt. Magnet High Gloss (UV),Front Only,"4,000",6 Business Days,$20.00,$20.00,0.00000,0,0,1907,2488,1769,1784,1909,2025-09-01T17:47:03.818142,Extracted using real API endpoints
208,Business Card Magnets,"4"" x 6""",17 pt. Magnet High Gloss (UV),Front Only,"4,000",4 Business Days,$20.00,$20.00,0.00000,0,0,1907,2488,1769,1784,1792,2025-09-01T17:47:04.234055,Extracted using real API endpoints
209,Business Card Magnets,"4"" x 6""",17 pt. Magnet High Gloss (UV),Front Only,"5,000",6 Business Days,$20.00,$20.00,0.00000,0,0,1907,2488,1769,1786,1909,2025-09-01T17:47:04.561640,Extracted using real API endpoints
210,Business Card Magnets,"4"" x 6""",17 pt. Magnet High Gloss (UV),Front Only,"5,000",4 Business Days,$20.00,$20.00,0.00000,0,0,1907,2488,1769,1786,1792,2025-09-01T17:47:04.903964,Extracted using real API endpoints
211,Business Card Magnets,Custom,17 pt. Magnet High Gloss (UV),Front Only,25,6 Business Days,$20.00,$20.00,0.00000,0,0,custom,2488,1769,1772,1909,2025-09-01T17:47:05.243950,Extracted using real API endpoints
212,Business Card Magnets,Custom,17 pt. Magnet High Gloss (UV),Front Only,25,4 Business Days,$20.00,$20.00,0.00000,0,0,custom,2488,1769,1772,1792,2025-09-01T17:47:05.568485,Extracted using real API endpoints
213,Business Card Magnets,Custom,17 pt. Magnet High Gloss (UV),Front Only,50,6 Business Days,$20.00,$20.00,0.00000,0,0,custom,2488,1769,1773,1909,2025-09-01T17:47:05.899852,Extracted using real API endpoints
214,Business Card Magnets,Custom,17 pt. Magnet High Gloss (UV),Front Only,50,4 Business Days,$20.00,$20.00,0.00000,0,0,custom,2488,1769,1773,1792,2025-09-01T17:47:06.239642,Extracted using real API endpoints
215,Business Card Magnets,Custom,17 pt. Magnet High Gloss (UV),Front Only,75,6 Business Days,$20.00,$20.00,0.00000,0,0,custom,2488,1769,18464,1909,2025-09-01T17:47:06.588651,Extracted using real API endpoints
216,Business Card Magnets,Custom,17 pt. Magnet High Gloss (UV),Front Only,75,4 Business Days,$20.00,$20.00,0.00000,0,0,custom,2488,1769,18464,1792,2025-09-01T17:47:06.939308,Extracted using real API endpoints
217,Business Card Magnets,Custom,17 pt. Magnet High Gloss (UV),Front Only,100,6 Business Days,$20.00,$20.00,0.00000,0,0,custom,2488,1769,1774,1909,2025-09-01T17:47:07.272130,Extracted using real API endpoints
218,Business Card Magnets,Custom,17 pt. Magnet High Gloss (UV),Front Only,100,4 Business Days,$20.00,$20.00,0.00000,0,0,custom,2488,1769,1774,1792,2025-09-01T17:47:07.598112,Extracted using real API endpoints
219,Business Card Magnets,Custom,17 pt. Magnet High Gloss (UV),Front Only,150,6 Business Days,$20.00,$20.00,0.00000,0,0,custom,2488,1769,1945,1909,2025-09-01T17:47:07.941009,Extracted using real API endpoints
220,Business Card Magnets,Custom,17 pt. Magnet High Gloss (UV),Front Only,150,4 Business Days,$20.00,$20.00,0.00000,0,0,custom,2488,1769,1945,1792,2025-09-01T17:47:08.271683,Extracted using real API endpoints
221,Business Card Magnets,Custom,17 pt. Magnet High Gloss (UV),Front Only,200,6 Business Days,$20.00,$20.00,0.00000,0,0,custom,2488,1769,1946,1909,2025-09-01T17:47:08.601212,Extracted using real API endpoints
222,Business Card Magnets,Custom,17 pt. Magnet High Gloss (UV),Front Only,200,4 Business Days,$20.00,$20.00,0.00000,0,0,custom,2488,1769,1946,1792,2025-09-01T17:47:08.939072,Extracted using real API endpoints
223,Business Card Magnets,Custom,17 pt. Magnet High Gloss (UV),Front Only,250,6 Business Days,$20.00,$20.00,0.00000,0,0,custom,2488,1769,1776,1909,2025-09-01T17:47:09.264102,Extracted using real API endpoints
224,Business Card Magnets,Custom,17 pt. Magnet High Gloss (UV),Front Only,250,4 Business Days,$20.00,$20.00,0.00000,0,0,custom,2488,1769,1776,1792,2025-09-01T17:47:09.600215,Extracted using real API endpoints
225,Business Card Magnets,Custom,17 pt. Magnet High Gloss (UV),Front Only,500,6 Business Days,$20.00,$20.00,0.00000,0,0,custom,2488,1769,1777,1909,2025-09-01T17:47:09.935851,Extracted using real API endpoints
226,Business Card Magnets,Custom,17 pt. Magnet High Gloss (UV),Front Only,500,4 Business Days,$20.00,$20.00,0.00000,0,0,custom,2488,1769,1777,1792,2025-09-01T17:47:10.278407,Extracted using real API endpoints
227,Business Card Magnets,Custom,17 pt. Magnet High Gloss (UV),Front Only,"1,000",6 Business Days,$20.00,$20.00,0.00000,0,0,custom,2488,1769,1778,1909,2025-09-01T17:47:10.605215,Extracted using real API endpoints
228,Business Card Magnets,Custom,17 pt. Magnet High Gloss (UV),Front Only,"1,000",4 Business Days,$20.00,$20.00,0.00000,0,0,custom,2488,1769,1778,1792,2025-09-01T17:47:10.989223,Extracted using real API endpoints
229,Business Card Magnets,Custom,17 pt. Magnet High Gloss (UV),Front Only,"1,500",6 Business Days,$20.00,$20.00,0.00000,0,0,custom,2488,1769,1779,1909,2025-09-01T17:47:11.315015,Extracted using real API endpoints
230,Business Card Magnets,Custom,17 pt. Magnet High Gloss (UV),Front Only,"1,500",4 Business Days,$20.00,$20.00,0.00000,0,0,custom,2488,1769,1779,1792,2025-09-01T17:47:11.647938,Extracted using real API endpoints
231,Business Card Magnets,Custom,17 pt. Magnet High Gloss (UV),Front Only,"2,000",6 Business Days,$20.00,$20.00,0.00000,0,0,custom,2488,1769,1780,1909,2025-09-01T17:47:11.978239,Extracted using real API endpoints
232,Business Card Magnets,Custom,17 pt. Magnet High Gloss (UV),Front Only,"2,000",4 Business Days,$20.00,$20.00,0.00000,0,0,custom,2488,1769,1780,1792,2025-09-01T17:47:12.314285,Extracted using real API endpoints
233,Business Card Magnets,Custom,17 pt. Magnet High Gloss (UV),Front Only,"2,500",6 Business Days,$20.00,$20.00,0.00000,0,0,custom,2488,1769,1781,1909,2025-09-01T17:47:12.642118,Extracted using real API endpoints
234,Business Card Magnets,Custom,17 pt. Magnet High Gloss (UV),Front Only,"2,500",4 Business Days,$20.00,$20.00,0.00000,0,0,custom,2488,1769,1781,1792,2025-09-01T17:47:12.968235,Extracted using real API endpoints
235,Business Card Magnets,Custom,17 pt. Magnet High Gloss (UV),Front Only,"3,000",6 Business Days,$20.00,$20.00,0.00000,0,0,custom,2488,1769,1782,1909,2025-09-01T17:47:13.296458,Extracted using real API endpoints
236,Business Card Magnets,Custom,17 pt. Magnet High Gloss (UV),Front Only,"3,000",4 Business Days,$20.00,$20.00,0.00000,0,0,custom,2488,1769,1782,1792,2025-09-01T17:47:13.624750,Extracted using real API endpoints
237,Business Card Magnets,Custom,17 pt. Magnet High Gloss (UV),Front Only,"4,000",6 Business Days,$20.00,$20.00,0.00000,0,0,custom,2488,1769,1784,1909,2025-09-01T17:47:14.246355,Extracted using real API endpoints
238,Business Card Magnets,Custom,17 pt. Magnet High Gloss (UV),Front Only,"4,000",4 Business Days,$20.00,$20.00,0.00000,0,0,custom,2488,1769,1784,1792,2025-09-01T17:47:14.572823,Extracted using real API endpoints
239,Business Card Magnets,Custom,17 pt. Magnet High Gloss (UV),Front Only,"5,000",6 Business Days,$20.00,$20.00,0.00000,0,0,custom,2488,1769,1786,1909,2025-09-01T17:47:14.913329,Extracted using real API endpoints
240,Business Card Magnets,Custom,17 pt. Magnet High Gloss (UV),Front Only,"5,000",4 Business Days,$20.00,$20.00,0.00000,0,0,custom,2488,1769,1786,1792,2025-09-01T17:47:15.250994,Extracted using real API endpoints
